{
  "max_evals": 500000,
  "acceptance_threshold": 1.0000e-08,
  "dimension": 30,
  "o": 1,
  "min_coordinate": -100,
  "max_coordinate": 100,
  "min_rand_optima_pos": -80,
  "max_rand_optima_pos": 80,
  "min_exclusive_range": -60,
  "max_exclusive_range": 60,
  "component_positioning_method": 2,
  "component_minimum_position": [
    6.9582, -53.757, -12.49, 26.772, -18.473,
    -74.379, 53.245, 60.804, -26.611, 53.884,
    -15.796, 19.85, -55.882, 6.2788, -67.754,
    69.296, 13.75, -64.364, -57.615, 70.553,
    -23.938, 49.114, 72.112, 21.871, 1.7845,
    77.031, 77.546, 16.418, -58.996, -26.251
  ],
  "min_sigma": -1200,
  "max_sigma": 0,
  "component_sigma": -118.08,
  "h_pattern": 1,
  "h_value": 1,
  "component_h": [
    1, 1, 1, 1, 1,
    1, 1, 1, 1, 1,
    1, 1, 1, 1, 1,
    1, 1, 1, 1, 1,
    1, 1, 1, 1, 1,
    1, 1, 1, 1, 1
  ],
  "max_mu": 0.2000,
  "min_mu": 0.2000,
  "max_omega": 20,
  "min_omega": 20,
  "local_modality_symmetry": 2,
  "mu": [
    0.2, 0.5
  ],
  "omega": [
    20, 50, 10, 25
  ],
  "max_lambda": 1,
  "min_lambda": 1,
  "lambda_config_method": 1,
  "lambda_value_4_all": 1,
  "lambda": 1,
  "min_angle": -3.1416,
  "max_angle": 3.1416,
  "rotation": 1,
  "rotation_matrix": [
    [-2.1552e-08, 1.6109e-07, -1.1951e-06, 5.7669e-07, -1.1029e-05, 0.00010683, 7.965e-05, -0.0021991, -0.0087382, 0.0085096, -0.019474, -0.078518, -0.078077, 0.056337, -0.014397, -0.091057, 0.12109, 0.058673, 0.066754, 0.022081, -0.64553, -0.19136, -0.32611, 0.29962, -0.29212, -0.10791, 0.2505, 0.30526, -0.21056, 0.076072],
    [-2.1298e-08, 1.4281e-07, -1.1514e-06, 5.9137e-07, -7.2924e-06, 6.2849e-05, -1.7855e-05, -0.002661, -0.010204, 0.0095133, -0.039663, -0.10832, -0.080149, 0.11014, -0.044307, -0.22984, 0.24313, 0.18298, 0.28738, 0.29063, 0.0027811, -0.21454, 0.014929, -0.40127, -0.15384, -0.036407, 0.35835, -0.50158, 0.10524, 0.17368],
    [2.5193e-08, -1.7217e-07, 1.4065e-06, -6.7427e-07, 8.5015e-06, -5.9911e-05, -0.00018723, -0.0019101, -0.0069664, 0.0077123, -0.0026842, -0.047462, -0.06064, 0.0093875, 0.045679, 0.016515, -0.019497, 0.014221, -0.092148, 0.20649, 0.45496, -0.012111, -0.13695, 0.301, -0.1297, -0.14997, -0.0093183, 0.13925, -0.0058534, 0.75132],
    [5.6279e-08, -4.4203e-07, 3.2479e-06, -1.5146e-06, 2.9849e-05, -0.0002643, -0.00044172, 4.2674e-05, 0.0013967, -0.0011505, -0.00066123, 0.010224, 0.014997, 0.0049136, -0.010236, 0.022382, 0.23321, -0.25372, -0.041319, 0.083157, 0.17034, -0.43524, -0.17769, -0.49597, -0.025435, 0.27315, -0.09364, 0.53804, 0.045236, -0.0093759],
    [7.4547e-08, -9.4474e-07, 5.3595e-06, -2.0664e-06, 9.4534e-05, -0.00085545, -0.0014918, -0.0019226, -0.0025608, 0.0037102, 0.013185, -0.0011108, -0.029549, -0.050567, 0.048118, 0.0088483, -0.48031, 0.38412, -0.1217, 0.21138, 0.18884, -0.362, -0.20378, 0.10392, 0.085111, -0.17429, 0.24147, 0.12542, 0.33723, -0.3344],
    [1.9726e-07, -2.0002e-06, 1.284e-05, -5.4999e-06, 0.00016716, -0.0014225, -0.0024166, -0.0024106, -0.0017954, 0.0034573, -0.0031934, -0.0084799, -0.011894, 0.012651, -0.0085066, -0.024076, 0.093721, -0.059074, -0.052647, 0.14845, -0.16996, -0.32483, -0.25167, 0.35636, 0.3956, 0.4931, -0.28413, -0.35057, 0.15813, 0.094056],
    [-1.1235e-07, -7.729e-07, -9.7853e-07, 2.1278e-06, 0.00016108, -0.0010835, -0.0014755, -0.00083289, 0.0037168, -0.0026724, 0.0085732, 0.033856, 0.026207, -0.031075, -0.0099451, 0.046597, 0.10522, -0.20894, -0.23609, 0.19495, -0.058208, -0.20027, -0.16906, -0.14342, 0.35636, -0.66038, -0.18864, -0.17982, -0.34596, -0.054882],
    [-2.3606e-06, 2.4845e-05, -0.00015627, 6.6055e-05, -0.0021399, 0.018338, 0.030793, 0.023358, -0.0069719, -0.012159, -0.037263, -0.15966, -0.060079, 0.085078, 0.22647, 0.076339, 0.17976, 0.12392, 0.36274, 0.036991, 0.16531, 0.24173, -0.1467, 0.055244, 0.59849, 0.088113, 0.3651, 0.22028, -0.24723, -0.05721],
    [-6.9574e-07, 7.905e-06, -4.8367e-05, 2.0153e-05, -0.00068857, 0.005624, 0.0093618, 0.0083507, 0.0018728, -0.0074089, 0.016907, 0.0067989, 0.0013965, -0.046524, 0.078452, 0.20118, -0.19559, -0.049457, -0.0055731, -0.60798, -0.21907, -0.063099, -0.21162, -0.27938, 0.23772, -0.12395, 0.16831, -0.077442, 0.32176, 0.39461],
    [-4.1445e-07, 3.7159e-06, -3.3278e-05, 1.9629e-05, 0.00014344, -0.0049247, -0.0086355, 0.00024808, 0.02498, -0.019039, 0.024434, 0.22477, 0.28694, -0.051342, 0.019609, 0.13793, 0.12548, -0.3407, 0.43829, -0.26424, 0.31663, -0.26357, -0.17874, 0.30428, -0.21735, -0.12611, 0.1333, -0.17586, -0.0074639, -0.2086],
    [1.6299e-07, 1.3567e-05, -3.1058e-05, -4.7015e-06, -0.0023533, 0.022326, 0.036336, 0.036458, 0.013171, -0.035683, 0.008016, 0.026343, 0.16166, -0.020102, 0.29507, 0.25966, -0.14809, 0.2481, 0.19799, 0.16062, -0.033643, 0.27151, -0.53997, -0.24676, -0.25659, 0.070789, -0.37409, -0.11826, -0.11143, -0.025036],
    [-8.0475e-06, 7.0743e-05, -0.00052122, 0.00026602, -0.0032867, 0.016925, 0.027719, 0.017449, -0.022626, 0.00029339, -0.062994, -0.28962, -0.26436, 0.15929, 0.072158, -0.08514, 0.40467, -0.027758, 0.10083, -0.055068, 0.029992, 0.17592, -0.12309, 0.11599, -0.031369, -0.31758, -0.29537, 0.099863, 0.57801, -0.1767],
    [1.262e-05, -0.00010201, 0.00078499, -0.00040255, 0.004264, -0.019737, -0.033755, -0.028406, -0.011804, 0.036862, -0.0037374, 0.018736, -0.041626, 0.096207, -0.32334, -0.40754, -0.026066, 0.46328, 0.23069, -0.40537, 0.15832, -0.18927, -0.063737, -0.020882, 0.079426, -0.055186, -0.36183, 0.069009, -0.26379, 0.036102],
    [-1.7159e-05, 0.00034406, -0.0020055, 0.0010364, -0.016921, -0.0018517, -0.053764, 0.019009, -0.11828, 0.090493, 0.069303, -0.10805, -0.316, 0.44264, -0.18639, 0.19573, 0.067905, -0.025929, -0.42051, -0.22026, 0.23326, 0.070521, -0.31354, -0.0039532, -0.1564, 0.1533, 0.2022, -0.20461, -0.19861, -0.17456],
    [-0.00017915, 0.0018153, -0.012987, 0.0070054, -0.066161, 0.085022, 0.050808, 0.20756, -0.018755, -0.22164, -0.13185, 0.22509, 0.4835, 0.502, -0.43577, -0.012954, -0.021439, -0.010517, -0.0036327, 0.16288, -0.077011, 0.18853, -0.088148, -0.01448, 0.12169, -0.049155, 0.05533, 0.10805, 0.1914, 0.06311],
    [-9.5314e-05, 0.00028242, -0.0040921, 0.0028691, 0.027999, -0.12594, -0.1106, -0.20578, 0.21163, -0.064175, -0.45209, -0.026871, -0.097508, -0.33913, -0.26794, -0.36511, -0.158, -0.27809, -0.032301, 0.029538, 0.073498, 0.27711, -0.3658, -0.053258, 0.012689, 0.059107, 0.11694, -0.03554, 0.022169, -0.054668],
    [9.6303e-05, -0.0018647, 0.010974, -0.0063756, 0.075321, -0.0053947, 0.24863, -0.20722, 0.43891, -0.21494, -0.25882, 0.021019, 0.25706, -0.1208, 0.091621, 0.14923, 0.41411, 0.37255, -0.3432, -0.14967, 0.058603, -0.064737, 0.032462, 0.045989, -0.04092, 0.018116, 0.082274, -0.03406, -0.0074534, -0.022854],
    [0.00019086, -0.0011647, 0.010568, -0.0060873, 0.011307, 0.031177, -0.016931, 0.067028, -0.19199, 0.19656, 0.53195, 0.2782, 0.20672, -0.31823, -0.0032322, -0.33663, 0.29224, 0.10885, -0.23487, -0.017858, 0.037394, 0.22546, -0.23601, -0.010009, 0.041487, 0.015128, 0.15094, 0.010109, 0.12134, -0.021167],
    [-0.00039406, 0.0052946, -0.034834, 0.020832, -0.15209, 0.047072, -0.26136, 0.56606, -0.3274, -0.22503, -0.40351, -0.04999, 0.10297, -0.10334, 0.3383, -0.20714, 0.067735, 0.044898, -0.18991, -0.13926, 0.053368, -0.07398, 0.021555, 0.018392, -0.051437, 0.027617, 0.022453, -0.047612, -0.066419, -0.026199],
    [-1.5146e-05, 0.0010762, -0.0056027, 0.0044973, -0.0039739, 0.046688, 0.11, 0.33324, 0.21732, -0.32928, 0.048969, 0.59019, -0.56921, -0.098494, -0.074595, 0.09623, 0.066321, 0.052506, 0.092449, 0.047846, -0.012895, 0.02505, -0.014455, -0.0050972, 0.015085, -0.0062355, -0.0035497, 0.011763, 0.014556, 0.0072249],
    [0.0025304, -0.0021645, 0.073617, -0.047989, -0.13405, 0.038642, 0.60373, 0.068746, 0.20709, -0.086199, 0.13417, -0.051256, 0.0087335, 0.26241, 0.35706, -0.4652, -0.21466, -0.22978, -0.068548, -0.075727, 0.036725, -0.010673, -0.039581, -0.0098136, -0.030158, 0.028138, 0.0055013, -0.036742, -0.061838, -0.021383],
