{
  "max_evals": 500000,
  "acceptance_threshold": 1.0000e-08,
  "dimension": 30,
  "o": 1,
  "min_coordinate": -100,
  "max_coordinate": 100,
  "min_rand_optima_pos": -80,
  "max_rand_optima_pos": 80,
  "min_exclusive_range": -60,
  "max_exclusive_range": 60,
  "component_positioning_method": 2,
  "component_minimum_position": [
    52.655, 18.625, 63.635, 29.354, -58.845,
    2.1397, -44.509, 19.694, -0.97806, 6.2752,
    -17.627, 17.492, 69.91, 7.4491, -26.882,
    -78.969, -56.12, -70.372, -71.985, 62.137,
    -19.097, -66.773, -75.075, 8.0619, 12.347,
    18.966, -13.575, 38.7, 72.015, -5.8969
  ],
  "min_sigma": -1200,
  "max_sigma": 0,
  "component_sigma": -1002.5,
  "h_pattern": 1,
  "h_value": 1,
  "component_h": [
    1, 1, 1, 1, 1,
    1, 1, 1, 1, 1,
    1, 1, 1, 1, 1,
    1, 1, 1, 1, 1,
    1, 1, 1, 1, 1,
    1, 1, 1, 1, 1
  ],
  "max_mu": 0.2000,
  "min_mu": 0.2000,
  "max_omega": 20,
  "min_omega": 20,
  "local_modality_symmetry": 2,
  "mu": [
    0.2, 0.5
  ],
  "omega": [
    20, 50, 10, 25
  ],
  "max_lambda": 1,
  "min_lambda": 1,
  "lambda_config_method": 1,
  "lambda_value_4_all": 1,
  "lambda": 1,
  "min_angle": -3.1416,
  "max_angle": 3.1416,
  "rotation": 7,
  "rotation_matrix": [
    [0.49039, 0, 0, 0, 0, 0, -0.82498, 0, 0, -0.035845, 0, 0, 0.18569, 0, 0, 0, 0, 0.1755, 0, 0.099197, 0, 0.028282, 0, 0, 0, 0, 0, -0.014566, -0.029483, -0.025161],
    [0, -0.044194, 0, 0, -0.29419, -0.69573, 0, 0, -0.58682, 0, 0.099437, 0, 0, 0.22444, 0, -0.13163, -0.0236, 0, 0, 0, 0.065018, 0, 0, 0, 0, -0.026931, 0, 0, 0, 0],
    [0, 0, 0.044194, -0.29419, 0, 0, 0, 0.69573, 0, 0, 0, -0.58682, 0, 0, -0.099437, 0, 0, 0, 0.22444, 0, 0, 0, 0.13163, -0.0236, -0.065018, 0, -0.026931, 0, 0, 0],
    [0, 0, 0.044194, -0.20581, 0, 0, 0, 0.16984, 0, 0, 0, 0.47698, 0, 0, -0.75255, 0, 0, 0, -0.068187, 0, 0, 0, 0.3073, 0.1707, -0.0236, 0, -0.065018, 0, 0, 0],
    [0, 0.044194, 0, 0, 0.20581, 0.16984, 0, 0, -0.47698, 0, -0.75255, 0, 0, 0.068187, 0, 0.3073, -0.1707, 0, 0, 0, -0.0236, 0, 0, 0, 0, 0.065018, 0, 0, 0, 0],
    [0, -0.0625, 0, 0, -0.26517, -0.26294, 0, 0, 0.059359, 0, -0.30511, 0, 0, -0.78569, 0, 0.029124, 0.33492, 0, 0, 0, -0.1707, 0, 0, 0, 0, -0.0236, 0, 0, 0, 0],
    [0.20312, 0, 0, 0, 0, 0, 0.2328, 0, 0, -0.89031, 0, 0, -0.019712, 0, 0, 0, 0, 0.22446, 0, 0.20998, 0, 0.12077, 0, 0, 0, 0, 0, 0.037771, -0.012476, -0.029483],
    [0, 0, 0.0625, -0.26517, 0, 0, 0, 0.26294, 0, 0, 0, 0.059359, 0, 0, 0.30511, 0, 0, 0, -0.78569, 0, 0, 0, -0.029124, 0.33492, 0.1707, 0, -0.0236, 0, 0, 0],
    [0, 0.088388, 0, 0, 0.3125, 0.17678, 0, 0, -0.26294, 0, -0.073223, 0, 0, -0.24261, 0, -0.78569, 0.029124, 0, 0, 0, 0.3073, 0, 0, 0, 0, -0.13163, 0, 0, 0, 0],
    [0.21986, 0, 0, 0, 0, 0, -0.04083, 0, 0, 0.15563, 0, 0, -0.89106, 0, 0, 0, 0, 0.0052999, 0, 0.25008, 0, 0.22659, 0, 0, 0, 0, 0, 0.12745, 0.037771, -0.014566],
    [0, -0.125, 0, 0, -0.35355, -0.0625, 0, 0, 0.26517, 0, -0.20044, 0, 0, -0.11742, 0, -0.24261, -0.78569, 0, 0, 0, 0.068187, 0, 0, 0, 0, 0.22444, 0, 0, 0, 0],
    [0, 0, 0.088388, -0.3125, 0, 0, 0, 0.17678, 0, 0, 0, 0.26294, 0, 0, -0.073223, 0, 0, 0, 0.24261, 0, 0, 0, -0.78569, -0.029124, 0.3073, 0, 0.13163, 0, 0, 0],
    [0.23798, 0, 0, 0, 0, 0, -0.0064721, 0, 0, -0.12539, 0, 0, 0.14046, 0, 0, 0, 0, -0.87965, 0, 0.02037, 0, 0.25875, 0, 0, 0, 0, 0, 0.22659, 0.12077, 0.028282],
    [0, 0.17678, 0, 0, 0.375, -0.088388, 0, 0, -0.1875, 0, 0.26517, 0, 0, -0.20044, 0, -0.073223, -0.30511, 0, 0, 0, -0.75255, 0, 0, 0, 0, 0.099437, 0, 0, 0, 0],
    [0, 0, 0.125, -0.35355, 0, 0, 0, 0.0625, 0, 0, 0, 0.26517, 0, 0, 0.20044, 0, 0, 0, -0.11742, 0, 0, 0, 0.24261, -0.78569, -0.068187, 0, 0.22444, 0, 0, 0],
    [0, -0.25, 0, 0, -0.35355, 0.25, 0, 0, 1.6653e-16, 0, -0.1875, 0, 0, 0.26517, 0, -0.26294, 0.059359, 0, 0, 0, -0.47698, 0, 0, 0, 0, -0.58682, 0, 0, 0, 0],
    [0, 0.35355, 0, 0, 0.25, -0.35355, 0, 0, 0.25, 0, -0.088388, 0, 0, -0.0625, 0, 0.17678, -0.26294, 0, 0, 0, 0.16984, 0, 0, 0, 0, -0.69573, 0, 0, 0, 0],
    [0.25758, 0, 0, 0, 0, 0, 0.033825, 0, 0, -0.09264, 0, 0, -0.15051, 0, 0, 0, 0, 0.14079, 0, -0.87439, 0, 0.02037, 0, 0, 0, 0, 0, 0.25008, 0.20998, 0.099197],
    [0, 0, 0.17678, -0.375, 0, 0, 0, -0.088388, 0, 0, 0, 0.1875, 0, 0, 0.26517, 0, 0, 0, 0.20044, 0, 0, 0, -0.073223, 0.30511, -0.75255, 0, -0.099437, 0, 0, 0],
    [0.27881, 0, 0, 0, 0, 0, 0.080806, 0, 0, -0.046634, 0, 0, -0.12075, 0, 0, 0, 0, -0.15547, 0, 0.14079, 0, -0.87965, 0, 0, 0, 0, 0, 0.0052999, 0.22446, 0.1755],
    [0, -0.5, 0, 0, -1.1102e-16, 0.25, 0, 0, -0.35355, 0, 0.375, 0, 0, -0.35355, 0, 0.3125, -0.26517, 0, 0, 0, 0.20581, 0, 0, 0, 0, -0.29419, 0, 0, 0, 0],
    [0.30178, 0, 0, 0, 0, 0, 0.1353, 0, 0, 0.015165, 0, 0, -0.06765, 0, 0, 0, 0, -0.12075, 0, -0.15051, 0, 0.14046, 0, 0, 0, 0, 0, -0.89106, -0.019712, 0.18569],
    [0, 0, 0.25, -0.35355, 0, 0, 0, -0.25, 0, 0, 0, -1.9429e-16, 0, 0, 0.1875, 0, 0, 0, 0.26517, 0, 0, 0, 0.26294, 0.059359, 0.47698, 0, -0.58682, 0, 0, 0],
    [0, 0, 0.35355, -0.25, 0, 0, 0, -0.35355, 0, 0, 0, -0.25, 0, 0, -0.088388, 0, 0, 0, 0.0625, 0, 0, 0, 0.17678, 0.26294, 0.16984, 0, 0.69573, 0, 0, 0],
    [0, 0, 0.5, 1.1102e-16, 0, 0, 0, -0.25, 0, 0, 0, -0.35355, 0, 0, -0.375, 0, 0, 0, -0.35355, 0, 0, 0, -0.3125, -0.26517, -0.20581, 0, -0.29419, 0, 0, 0],
    [0, 0.70711, 0, 0, -0.5, 0.35355, 0, 0, -0.25, 0, 0.17678, 0, 0, -0.125, 0, 0.088388, -0.0625, 0, 0, 0, 0.044194, 0, 0, 0, 0, -0.044194, 0, 0, 0, 0],
    [0, 0, 0.70711, 0.5, 0, 0, 0, 0.35355, 0, 0, 0, 0.25, 0, 0, 0.17678, 0, 0, 0, 0.125, 0, 0, 0, 0.088388, 0.0625, 0.044194, 0, 0.044194, 0, 0, 0],
    [0.32664, 0, 0, 0, 0, 0, 0.19822, 0, 0, 0.095671, 0, 0, 0.015165, 0, 0, 0, 0, -0.046634, 0, -0.09264, 0, -0.12539, 0, 0, 0, 0, 0, 0.15563, -0.89031, -0.035845],
    [0.35355, 0, 0, 0, 0, 0, 0.2706, 0, 0, 0.19822, 0, 0, 0.1353, 0, 0, 0, 0, 0.080806, 0, 0.033825, 0, -0.0064721, 0, 0, 0, 0, 0, -0.04083, 0.2328, -0.82498],
    [0.38268, 0, 0, 0, 0, 0, 0.35355, 0, 0, 0.32664, 0, 0, 0.30178, 0, 0, 0, 0, 0.27881, 0, 0.25758, 0, 0.23798, 0, 0, 0, 0, 0, 0.21986, 0.20312, 0.49039]
  ],