{
  "max_evals": 500000,
  "acceptance_threshold": 1.0000e-08,
  "dimension": 30,
  "o": 1,
  "min_coordinate": -100,
  "max_coordinate": 100,
  "min_rand_optima_pos": -80,
  "max_rand_optima_pos": 80,
  "min_exclusive_range": -60,
  "max_exclusive_range": 60,
  "component_positioning_method": 2,
  "component_minimum_position": [
    -23.086, -63.317, -77.989, 40.49, 24.78,
    72.129, 70.775, -66.682, 74.353, 0.076596,
    -68.46, 73.889, -25.209, -56.938, 46.63,
    -46.531, -7.9654, 6.9984, -28.732, -13.053,
    45.107, -7.9897, -16.28, 48.033, 68.938,
    9.0118, -47.085, -43.752, 30.193, -15.859
  ],
  "min_sigma": -1200,
  "max_sigma": 0,
  "component_sigma": -216.73,
  "h_pattern": 1,
  "h_value": 1,
  "component_h": [
    1, 1, 1, 1, 1,
    1, 1, 1, 1, 1,
    1, 1, 1, 1, 1,
    1, 1, 1, 1, 1,
    1, 1, 1, 1, 1,
    1, 1, 1, 1, 1
  ],
  "max_mu": 1,
  "min_mu": 1,
  "max_omega": 50,
  "min_omega": 50,
  "local_modality_symmetry": 2,
  "mu": [
    1, 1
  ],
  "omega": [
    50, 50, 50, 50
  ],
  "max_lambda": 1,
  "min_lambda": 1,
  "lambda_config_method": 1,
  "lambda_value_4_all": 1,
  "lambda": 1,
  "min_angle": -3.1416,
  "max_angle": 3.1416,
  "rotation": 7,
  "rotation_matrix": [
    [-1.4843e-05, -1.3805e-06, -7.8229e-06, -0.00041285, 0.00031094, 0.00011743, 0.0040078, -0.0099846, 0.011064, 0.0042373, -0.04557, -0.033491, 0.048621, -0.027413, -0.10236, -0.0030349, 0.17737, 0.091209, -0.086758, 0.083264, -0.049894, 0.22121, 0.020146, 0.28173, 0.7433, -0.079957, -0.22759, -0.043051, 0.022822, -0.42948],
    [-2.1833e-05, -1.9367e-06, -2.7031e-05, -0.00040453, 0.00026178, 9.7272e-05, 0.0019719, -0.0046258, 0.0059731, 0.0035008, -0.022842, -0.025842, 0.039392, -0.037606, -0.00072789, -0.072102, 0.11105, -0.013629, -0.28097, 0.29532, 0.18135, 0.25491, -0.11224, -0.057529, -0.14918, 0.12583, -0.0085057, -0.14463, 0.79923, 0.016368],
    [-1.4287e-05, -9.3959e-07, -6.3472e-05, 0.00027745, -0.0003704, -0.00015256, -0.01074, 0.027038, -0.029613, -0.0077108, 0.087825, 0.046962, -0.051503, 0.041786, 0.22237, 0.11066, -0.22321, -0.15415, 0.090491, 0.102, 0.047865, -0.51019, -0.02283, -0.24208, -0.045084, -0.15523, -0.041949, -0.26915, 0.15247, -0.62027],
    [-2.0098e-05, -1.6709e-06, -4.1823e-05, -0.00016151, 3.4078e-05, 8.4333e-06, -0.0023179, 0.0063691, -0.004765, -0.00017471, -0.0061959, -0.021454, 0.0068883, -0.0024818, -0.019187, 0.020609, -0.13085, 0.033169, -0.062531, -0.035576, -0.0034608, 0.15027, 0.63355, 0.19832, -0.14184, -0.59305, 0.28882, 0.14601, 0.16485, -0.090255],
    [7.4069e-05, 6.4601e-06, 0.00010237, 0.0012834, -0.00078542, -0.00028373, -0.0032756, 0.0079041, -0.0097755, -0.006801, 0.069623, 0.058014, 0.0062978, 0.013585, 0.18955, -0.17459, 0.11545, -0.1436, -0.062521, -0.14701, 0.33551, 0.21153, 0.15957, -0.0086582, -0.31448, 0.12506, -0.52369, 0.4191, -0.12071, -0.3219],
    [-0.00038977, -3.3599e-05, -0.00056096, -0.0067591, 0.0040383, 0.0014118, 0.0040262, -0.016142, 5.6852e-05, 0.033764, -0.055616, -0.032904, 0.13314, -0.10886, -0.03859, -0.10762, -0.16539, -0.045726, -0.28108, 0.27718, -0.070706, 0.33698, 0.021583, -0.052628, -0.17705, 0.31574, 0.44305, -0.1305, -0.38932, -0.38561],
    [-0.00041013, -3.5383e-05, -0.00056417, -0.0075956, 0.0046677, 0.001627, 0.0081908, -0.03038, 0.002865, 0.0375, -0.042534, 0.040217, 0.15222, -0.053158, -0.12218, 0.05291, -0.16087, 0.22792, -0.32732, 0.030363, -0.28848, -0.38885, 0.12919, 0.55761, -0.2501, 0.24307, -0.27594, -0.048903, 0.045604, -0.013513],
    [0.0010109, 8.6473e-05, 0.0014842, 0.017695, -0.010448, -0.0035763, 0.0021254, 0.018751, 0.04864, -0.078961, -0.055312, -0.16958, -0.15497, 0.099323, -0.13305, 0.024094, 0.10485, 0.11091, 0.42028, -0.51871, -0.07569, 0.19867, 0.15032, 0.13601, -0.16991, 0.32093, 0.088944, -0.3483, 0.17946, -0.24093],
    [0.0017099, 0.00014506, 0.0026253, 0.029003, -0.016585, -0.0055551, 0.022367, -0.017486, 0.10716, -0.12726, 0.071652, -0.095126, 0.34109, 0.052396, 0.6186, -0.2378, 0.36749, -0.038315, -0.23133, -0.26651, 0.020517, -0.14964, 0.023873, 0.1311, 0.08103, -0.0072045, 0.22666, -0.17785, -0.030406, 0.075449],
    [-0.00059282, -5.0522e-05, -0.0008826, -0.010344, 0.0060527, 0.0020527, -0.0018724, -0.0089347, -0.026346, 0.047196, -0.016659, 0.050207, 0.027547, -0.068939, 0.0029512, 0.031605, -0.038311, -0.12928, 0.16445, -0.12472, 0.029337, -0.1452, -0.37286, 0.33285, 0.037414, 0.11177, 0.43507, 0.59848, 0.22419, -0.20828],
    [0.0004269, 3.5929e-05, 0.00066397, 0.0074195, -0.0042131, -0.0013848, -5.0317e-05, 0.0067137, 0.016419, -0.030167, -0.0054786, -0.029932, -0.20621, 0.065379, -0.17458, -0.2167, -0.13583, 0.079154, -0.2055, -0.18727, 0.40159, 0.054014, -0.47249, 0.30926, -0.16099, -0.39617, -0.0016521, -0.27998, -0.1604, -0.03817],
    [0.0018919, 0.00015999, 0.0027854, 0.035137, -0.02078, -0.0069003, -0.012351, 0.084177, 0.067507, -0.15499, -0.26157, -0.67186, -0.10926, -0.08005, -0.077226, 0.34557, 0.19647, 0.076118, -0.12313, 0.12475, 0.35983, -0.2296, 0.097873, -0.02305, -0.0060555, 0.074583, 0.056516, 0.1132, -0.099089, -0.0082176],
    [6.5888e-05, 1.3662e-05, -0.00041572, 0.0021517, -0.0035769, -0.0020574, -0.05389, 0.13929, -0.11483, -0.032254, 0.049176, -0.063503, -0.094917, 0.36874, -0.092382, 0.12106, 0.52511, 0.057769, -0.11318, 0.10655, -0.48056, 0.050627, -0.23121, -0.071359, -0.2881, -0.25025, -0.010587, 0.10648, -0.053148, -0.18341],
    [0.0016912, 0.00014802, 0.0022486, 0.030386, -0.019011, -0.006859, -0.032536, 0.11874, -0.019068, -0.15817, 0.28444, 0.03828, -0.47051, 0.51343, 0.049343, -0.2221, -0.153, 0.2357, -0.22133, 0.045384, 0.085604, -0.1112, 0.17558, -0.03509, 0.20429, 0.26095, 0.15413, 0.14659, 0.031738, 0.034114],
    [-0.00025359, -2.5016e-05, 2.5887e-05, -0.008641, 0.0070089, 0.0027192, 0.082186, -0.21958, 0.16668, 0.060201, -0.064999, 0.34134, 0.20011, -0.074597, -0.32533, -0.066302, 0.27764, 0.52275, -0.090664, -0.15674, 0.21791, -0.21313, 0.055475, -0.33173, -0.014371, -0.0097493, 0.13807, 0.086215, 0.0042506, -0.14466],
    [-0.0020856, -0.00016693, -0.0039839, -0.031651, 0.014403, 0.0037854, -0.069262, 0.18168, -0.16679, 0.076798, -0.10742, -0.31962, 0.33556, 0.16334, -0.37365, -0.35258, -0.19796, -0.26233, -0.21902, -0.33601, -0.12901, -0.11301, 0.012818, -0.27822, 0.11649, -0.015024, -0.047608, 0.086081, 0.10437, -0.0098711],
    [-0.006638, -0.00067249, -0.0058327, -0.075202, 0.060205, 0.031701, -0.12487, 0.25852, -0.49787, 0.082376, 0.16808, 0.32215, -0.01377, -0.074442, -0.1204, 0.41567, 0.1964, -0.2295, -0.24981, -0.2169, 0.23562, -0.02339, 0.11505, 0.053076, 0.06346, 0.11492, 0.11381, -0.14277, -0.04189, 0.048715],
    [-0.0018957, -0.00020664, -0.0011039, -0.016452, 0.016496, 0.010372, 0.004854, 0.01923, -0.0059581, -0.066814, -0.025422, 0.10083, 0.4155, 0.51435, -0.21001, -0.074226, 0.11431, -0.17029, 0.36022, 0.36587, 0.30707, -0.087434, 0.10043, 0.23582, -0.045501, 0.045851, 0.034007, -0.10283, -0.073191, 0.047449],
    [0.0038342, 0.00057182, -0.0045208, -0.010305, -0.036133, -0.038121, 0.13182, -0.3186, 0.25632, 0.16827, -0.56081, 0.22643, -0.25317, 0.30047, 0.018813, 0.1349, 0.041799, -0.40084, -0.23485, -0.1232, -0.034195, -0.028627, 0.068244, -2.4524e-05, 0.049405, 0.045201, 0.01948, -0.026725, -0.00092075, 0.022947],
    [0.023028, 0.0044602, -0.07105, -0.18597, -0.32452, -0.35348, 0.19484, 0.19438, -0.34754, 0.53061, -0.26834, -0.062342, -0.0047021, 0.097394, 0.23404, -0.086043, -0.022871, 0.29004, 0.10749, 0.048926, 0.06977, 0.011395, -0.0057056, 0.0096849, -0.002072, 0.0036992, 0.0057665, -0.0094899, -0.005849, 0.0019254],
    [0.0014617, 5.5093e-05, 0.0052869, 0.03361, -0.0063725, 0.0039147, -0.018591, -0.050873, 0.33261, 0.34098, 0.33421, -0.13926, 0.28944, 0.32632, 0.084484, 0.50241, -0.25165, 0.12698, -0.11614, -0.16583, 0.061576, 0.20645, -0.12317, -0.052945, 0.017829, -0.0068656, -0.037173, 0.035622, 0.014469, -0.0013885],
