{
  "max_evals": 500000,
  "acceptance_threshold": 1.0000e-08,
  "dimension": 30,
  "o": 1,
  "min_coordinate": -100,
  "max_coordinate": 100,
  "min_rand_optima_pos": -80,
  "max_rand_optima_pos": 80,
  "min_exclusive_range": -60,
  "max_exclusive_range": 60,
  "component_positioning_method": 2,
  "component_minimum_position": [
    14.74, -66.997, 14.2, 55.849, -44.851,
    4.5946, 21.532, -42.47, 71.133, -66.706,
    -57.412, -67.316, -59.88, 22.863, 18.639,
    50.893, -20.816, 55.207, 6.0182, 42.669,
    -9.7704, -79.426, 52.471, 16.666, 67.44,
    43.199, -53.897, 48.167, -25.37, 12.634
  ],
  "min_sigma": -1200,
  "max_sigma": 0,
  "component_sigma": -194.04,
  "h_pattern": 4,
  "lb_h": 1,
  "ub_h": 1000,
  "alpha": 1,
  "beta": 1,
  "component_h": [
    603.05, 657.03, 893.86, 418.31, 355.53,
    1000, 969.53, 185.58, 591.17, 0.01,
    317.05, 701.11, 944.68, 575.91, 512.73,
    452.55, 100.98, 849.73, 969.99, 23.129,
    632.69, 656.09, 679.14, 288.76, 581.64,
    874.07, 514.5, 763.27, 937, 355.78
  ],
  "max_mu": 1,
  "min_mu": 1,
  "max_omega": 50,
  "min_omega": 50,
  "local_modality_symmetry": 4,
  "mu": [
    0.7, 0.2
  ],
  "omega": [
    25, 10, 20, 50
  ],
  "max_lambda": 1,
  "min_lambda": 1,
  "lambda_config_method": 1,
  "lambda_value_4_all": 0.6000,
  "lambda": 0.6000,
  "min_angle": -3.1416,
  "max_angle": 3.1416,
  "rotation": 3,
  "rotation_matrix": [
    [1.2072e-09, 1.4627e-08, 9.7941e-06, 2.4692e-05, -4.519e-05, 6.1898e-05, -0.00014571, -4.6622e-05, 7.5078e-05, 0.00094521, 0.011528, -0.038077, -0.058212, 0.011041, -0.052476, 0.062397, -0.031291, -0.017496, 0.14058, 0.22291, 0.20851, 0.18359, 0.10664, 0.017427, -0.59972, -0.44737, 0.31553, 0.2945, 0.14042, 0.2507],
    [-2.0114e-09, -2.544e-08, -1.7706e-05, -4.3996e-05, -6.4641e-05, -9.0801e-06, 0.00014977, -0.00060621, 0.00047649, -0.003234, -0.0057958, 0.030814, 0.056535, -0.0080743, 0.027922, -0.05056, -0.01229, 0.011062, -0.11126, -0.43691, 0.20745, 0.23534, 0.54246, 0.047968, 0.34718, -0.088649, -0.10681, 0.13597, 0.20821, 0.43845],
    [-8.268e-09, -1.0652e-07, -7.5164e-05, -0.00018662, -0.00032677, -4.072e-05, 0.00047959, -0.0031179, 0.0025992, -0.010868, 0.006653, 0.0011583, 0.041775, -0.0085164, 0.019556, -0.048754, -0.036998, -0.20339, 0.058463, -0.20486, 0.30587, 0.024149, -0.046659, 0.57951, -0.10779, 0.3241, 0.20872, 0.053125, 0.41557, -0.37314],
    [-1.9629e-08, -2.6791e-07, -0.00019723, -0.00049338, -0.00016682, -0.00077301, 0.0012763, -0.0057077, 0.0045322, -0.015036, 0.011278, 0.006989, 0.070837, -0.00501, -0.0094155, -0.056515, -0.059234, 0.21143, 0.33711, 0.1855, 0.18998, -0.53774, -0.058171, 0.22238, 0.10534, 0.16522, -0.25195, 0.4816, -0.086952, 0.27472],
    [-1.4063e-08, -1.79e-07, -0.00012481, -0.00031108, -0.0002834, -0.00028989, 0.00087908, -0.0041696, 0.003441, -0.013279, 0.0013573, 0.033759, 0.099775, -0.013045, 0.027557, -0.089986, -0.044589, 0.2102, 0.25113, 0.17174, -0.0087571, 0.61036, -0.049353, -0.053436, -0.22091, 0.56056, -0.2386, -0.04911, -0.022965, 0.20033],
    [1.174e-08, 2.027e-07, 0.00017205, 0.00043564, -0.0007654, 0.001582, -0.0010665, 0.001654, -0.00069066, -0.0026184, 0.0062975, -0.0077716, -0.010466, -0.0044336, -0.026049, -0.0039385, -0.081617, -0.41427, -0.021966, -0.17268, 0.042927, 0.08323, -0.29873, 0.38375, -0.18592, -0.27601, -0.53907, -0.20048, -0.22839, 0.22695],
    [8.273e-08, 1.1937e-06, 0.00090998, 0.0022926, -0.002343, 0.0065638, -0.0059751, 0.015287, -0.010816, 0.0067401, -0.022382, 0.060765, 0.023086, -0.038694, 0.12847, -0.046192, 0.085762, -0.017538, -0.18886, -0.399, 0.30605, -0.068357, 0.095706, -0.13211, -0.3149, 0.23594, 0.16104, 0.17449, -0.655, -0.083221],
    [1.4335e-07, 2.0898e-06, 0.0016063, 0.004046, -0.0038245, 0.011309, -0.010495, 0.027953, -0.019742, 0.021232, -0.038325, 0.077164, -0.034742, -0.051582, 0.1695, 0.0051647, 0.13814, 0.065483, -0.15945, -0.0057562, 0.076295, 0.35683, -0.30667, -0.10963, 0.19139, -0.22483, -0.27382, 0.6065, 0.054424, -0.37021],
    [3.4176e-08, 1.3885e-07, -6.5335e-05, -0.00017486, 0.001374, -0.0019774, -0.00036031, 0.003888, -0.0060714, 0.00019144, 0.016525, 0.0015001, 0.010764, -0.0020159, 0.020349, -0.10829, -0.071798, -0.011109, 0.41073, 0.18834, 0.27872, 0.27975, -0.015188, 0.20429, 0.46226, -0.22618, 0.31608, -0.15332, -0.42759, -0.094667],
    [4.55e-08, 8.8915e-07, 0.00070951, 0.0017851, -0.0025652, 0.0059328, -0.004404, 0.0088107, -0.0047155, -2.277e-05, -0.054369, 0.11928, 0.13754, -0.050537, 0.30759, -0.060818, 0.19512, 0.59055, -0.012758, -0.039092, 0.35493, -0.10897, -0.0057736, 0.051709, -0.15585, -0.2532, -0.20732, -0.41309, 0.12748, -0.12464],
    [-5.8161e-07, -1.7604e-06, 0.0009431, 0.002349, -0.01016, 0.016484, -0.0011823, -0.012645, 0.025073, -0.068086, -0.039755, 0.14873, 0.3777, -0.12127, -0.03328, -0.22274, -0.30135, -0.17236, 0.36029, -0.33804, 0.10961, -0.085888, -0.30833, -0.47828, -0.010316, -0.083365, 0.068173, -0.029947, 0.20453, 0.012575],
    [3.4919e-07, 1.6511e-06, 0.0010886, 0.0030488, -0.027445, 0.034853, 0.0004788, -0.076279, 0.097209, -0.23182, 0.056869, -0.064176, 0.56249, -0.23425, 0.0027289, -0.32557, 0.1388, 0.080264, -0.39236, 0.12693, -0.20316, 0.043003, -0.17596, 0.2459, 0.039171, -0.036828, 0.24351, 0.070051, -0.059004, 0.20855],
    [-1.4398e-07, -6.3086e-07, 0.0013365, 0.0035109, -0.0072555, 0.014715, -0.0063491, 0.0096798, 0.0029341, 0.0010135, -0.031276, -0.044779, -0.14451, -0.032049, 0.24247, 0.1588, 0.21918, -0.2854, -0.24535, 0.25876, 0.48293, -0.046145, -0.32259, -0.22408, 0.176, 0.19651, 0.12331, -0.12198, 0.14796, 0.35048],
    [1.8432e-06, 3.1829e-05, 0.0060007, 0.012897, 0.007406, 0.011669, -0.049877, 0.14755, -0.1522, 0.18728, -0.10132, 0.36294, -0.2959, -0.116, 0.17567, 0.13738, -0.19189, 0.28848, -0.02512, -0.2691, -0.26738, 0.035566, -0.36394, 0.20848, 0.04614, 0.010974, 0.30743, 0.026253, 0.008538, 0.29169],
    [5.6837e-06, 3.7738e-05, 0.010321, 0.026303, -0.044356, 0.084634, -0.07925, 0.085047, -0.046596, -0.12596, 0.16783, 0.029409, -0.052274, -0.36285, -0.61248, 0.24233, -0.34976, 0.22311, -0.26825, 0.05446, 0.30549, 0.039261, -0.064127, -0.026936, 0.045395, 0.019204, -0.066595, -0.050775, -0.026647, -0.06602],
    [-5.8816e-05, -0.00017375, 0.02449, 0.047265, -0.13135, 0.34378, 0.079184, 0.13435, 0.2502, -0.26088, -0.28258, -0.10092, -0.037651, -0.1975, 0.46564, 0.10286, -0.51384, -0.070287, -0.079247, 0.15676, -0.047798, -0.020488, 0.18811, 0.019746, -0.018337, 0.0065036, -0.054115, 0.0098814, -0.029748, -0.079356],
    [3.8969e-06, 9.3153e-05, 0.0096468, 0.01641, 0.01843, 0.0058369, -0.072461, 0.19514, -0.23203, 0.13138, 0.063803, 0.24242, -0.31559, -0.42012, 0.023293, -0.64448, 0.031827, -0.17424, -0.044436, 0.20113, 0.0028409, -0.067213, 0.1883, -0.044256, -0.050759, 0.0060861, -0.082328, -0.027565, 0.043398, -0.04718],
    [4.8801e-05, -0.00021987, -0.013749, 0.019514, -0.089002, -0.039581, -0.26261, -0.12084, 0.00036606, -0.13449, 0.22796, 0.60355, 0.22571, -0.23282, 0.13799, 0.42332, 0.1799, -0.21613, 0.13164, 0.12522, -0.089992, -0.019716, 0.20419, 0.028155, -0.01111, 0.010417, -0.040374, 0.0026762, -0.028734, -0.053838],
    [-6.5651e-05, 5.8546e-05, -0.0075461, -0.072756, 0.22391, -0.28413, 0.15666, -0.022714, -0.2538, 0.43716, -0.42434, 0.19556, 0.36245, 0.089188, -0.02219, 0.088807, -0.28294, -0.082642, -0.21807, 0.23924, 0.080729, -0.0055276, 0.11529, 0.025576, 0.0071351, 0.010701, -0.034396, 0.0036104, -0.036253, -0.048579],
    [-8.5105e-05, -0.00040624, -0.0090996, -0.069764, 0.16686, -0.36014, -0.071359, -0.48132, -0.05965, 0.12057, 0.47516, -0.2738, -0.08237, -0.20471, 0.33581, 0.0077075, -0.33708, 0.050829, -0.053328, -0.016742, -0.009956, -0.0010037, -0.0061151, -0.020526, -0.0053143, -0.0065537, -0.0059677, 0.010235, 0.0023899, -0.016565],
