{
  "max_evals": 500000,
  "acceptance_threshold": 1.0000e-08,
  "dimension": 30,
  "o": 1,
  "min_coordinate": -100,
  "max_coordinate": 100,
  "min_rand_optima_pos": -80,
  "max_rand_optima_pos": 80,
  "min_exclusive_range": -60,
  "max_exclusive_range": 60,
  "component_positioning_method": 2,
  "component_minimum_position": [
    47.775, 43.846, 73.353, -60.045, -25.239,
    -17.275, -63.385, -67.087, 21.742, -40.996,
    -32.022, 53.735, -15.859, 77.479, -21.799,
    14.856, 23.002, -39.365, -36.957, -50.479,
    75.027, 49.838, 12.804, -57.653, 1.3696,
    -79.562, 35.602, 43.663, 64.601, -42.697
  ],
  "min_sigma": -1200,
  "max_sigma": 0,
  "component_sigma": -234.28,
  "h_pattern": 4,
  "lb_h": 1,
  "ub_h": 100000,
  "alpha": 0.2000,
  "beta": 0.2000,
  "component_h": [
    1e+05, 9299.5, 345.28, 89220, 62403,
    1.5299, 17.01, 21.814, 89325, 34402,
    99896, 1e+05, 49818, 70067, 99967,
    56933, 94810, 24944, 33.619, 10795,
    73300, 2397.6, 99960, 1e+05, 1e+05,
    86664, 9576.4, 1, 11856, 43113
  ],
  "max_mu": 1,
  "min_mu": 1,
  "max_omega": 50,
  "min_omega": 50,
  "local_modality_symmetry": 4,
  "mu": [
    1, 1
  ],
  "omega": [
    10, 10, 10, 10
  ],
  "max_lambda": 1,
  "min_lambda": 1,
  "lambda_config_method": 1,
  "lambda_value_4_all": 0.1000,
  "lambda": 0.1000,
  "min_angle": -3.1416,
  "max_angle": 3.1416,
  "rotation": 3,
  "rotation_matrix": [
    [1.424e-09, 9.064e-07, 5.4091e-07, -4.8948e-06, 5.5948e-06, -3.5043e-06, -0.00053828, 0.0007749, -0.0056724, 0.00054867, -0.034223, 0.093452, -0.19044, -0.22591, -0.1899, 0.11843, -0.06873, -0.14066, -0.52461, -0.22908, -0.38268, -0.012734, -0.13198, 0.35595, 0.14447, 0.037034, -0.063813, -0.05792, 0.28896, 0.31078],
    [1.1331e-08, 7.2438e-06, 4.3165e-06, -5.0499e-05, -0.00011528, 7.0177e-05, 3.6447e-05, 0.00031283, -0.01128, 0.0018555, -0.049983, 0.12973, -0.18005, -0.21988, 0.025321, 0.097339, -0.13842, -0.010836, -0.039551, -0.13035, -0.065577, 0.040365, -0.066469, -0.34472, 0.029254, 0.001071, 0.82876, 0.14541, 0.047098, -0.10762],
    [1.2094e-08, 7.7344e-06, 4.6083e-06, -5.4794e-05, -0.00013787, 8.3961e-05, 0.00047283, -0.00025692, -0.0096822, -0.0027669, -0.029147, 0.074764, -0.1045, -0.20298, -0.11035, 0.092409, -0.28289, 0.10286, -0.064766, 0.2451, -0.33363, 0.033113, 0.10051, 0.013032, 0.025128, 0.45338, -0.12878, 0.10563, -0.61823, -0.16411],
    [-2.5385e-08, -1.6206e-05, -9.6612e-06, 0.00011437, 0.00030952, -0.0001882, -0.0016958, 0.0015413, 0.002827, 0.0075196, -0.031268, 0.091238, -0.21835, -0.14775, -0.1384, 0.093077, 0.19412, -0.16265, 0.46424, 0.095693, -0.35004, 0.26112, -0.32357, -0.31778, -0.28215, -0.051928, -0.17305, -0.13964, 0.043673, 0.27285],
    [-8.1761e-09, -5.1575e-06, -3.0864e-06, 3.4723e-05, 8.6929e-05, -5.2603e-05, -0.00026653, 0.0001533, -0.0086934, 0.0041204, -0.051816, 0.13715, -0.19616, -0.22056, 0.025141, 0.10237, -0.13638, -0.038766, 0.1587, -0.29368, 0.40836, 0.057534, -0.26277, 0.30791, 0.085529, -0.1918, 0.032704, -0.44781, -0.41069, -0.018451],
    [-2.7436e-08, -1.7552e-05, -1.0457e-05, 0.0001253, 0.0003227, -0.00019662, -0.0012562, 0.00082865, 0.017, 0.0026754, 0.043962, -0.10627, 0.072263, 0.154, -0.20425, -0.045277, 0.39063, -0.2551, -0.077568, 0.060616, -0.33181, -0.13818, -0.025099, 0.27103, -0.26309, -0.14128, 0.24788, -0.26827, -0.14595, -0.48912],
    [-1.4712e-08, -9.6233e-06, -5.693e-06, 8.3083e-05, 0.00023549, -0.00014587, -0.00071876, 0.00028613, 0.012665, 0.0030176, 0.0185, -0.034677, -0.04846, -0.023008, -0.33116, 0.04615, -0.2669, 0.23011, 0.28212, 0.45528, -0.036236, -0.022383, -0.18054, 0.38855, 0.14903, -0.38569, 0.11515, 0.28279, 0.14462, -0.045411],
    [3.6743e-08, 2.3183e-05, 1.3873e-05, -0.00011374, -0.00028034, 0.00016166, 0.0035467, -0.0044147, -0.0056725, -0.012487, 0.00067388, 0.010032, -0.023488, -0.13458, -0.14225, 0.08088, -0.076246, -0.279, 0.26748, 0.22613, 0.059222, -0.20926, 0.20555, -0.083704, 0.45281, 0.32386, -0.00089101, -0.4352, 0.35187, -0.16796],
    [3.5751e-08, 2.208e-05, 1.3304e-05, -0.00012315, -0.00025319, 0.00014863, 0.0011787, -0.0010388, -0.00066794, -0.0043468, -0.0023631, 0.01581, -0.08397, -0.030057, -0.052048, 0.034035, -0.24919, 0.14207, -0.24638, -0.10794, -0.081348, 0.22753, -0.13481, -0.36921, 0.095427, -0.32167, -0.35121, -0.10883, 0.16604, -0.58741],
    [8.821e-07, 0.00056981, 0.00033856, -0.00354, -0.0081773, 0.0048979, 0.026244, -0.014832, -0.0034844, -0.063218, 0.152, -0.31183, 0.14209, 0.43192, -0.12387, -0.092443, -0.049791, -0.017149, -0.1804, 0.14275, -0.01716, 0.39105, -0.34785, -0.11806, 0.36275, 0.11651, 0.18829, -0.22223, -0.16703, 0.20556],
    [2.5231e-06, 0.0016513, 0.00097724, -0.010768, -0.025341, 0.015286, 0.054516, -0.0053217, -0.092263, -0.062314, 0.048713, -0.063277, 0.098699, -0.13882, -0.28725, 0.01949, 0.44567, 0.49461, 0.16153, -0.35067, -0.16649, -0.17865, 0.05351, -0.12085, 0.41344, -0.056752, -0.023297, 0.035893, -0.13795, 0.029698],
    [2.8962e-07, 0.00016003, 9.9581e-05, -0.00049564, -0.0013067, 0.00068141, 0.0020355, -4.05e-05, 0.054284, 0.018543, 0.07358, -0.12131, -0.14222, 0.23371, -0.42759, 0.016032, -0.29545, 0.12132, -0.099663, -0.070759, 0.12113, -0.58348, -0.10831, -0.27133, -0.3224, 0.026479, -0.016837, -0.16298, -0.0379, 0.1682],
    [1.741e-06, 0.00079501, 0.00052771, -0.00075202, -0.0047177, 0.0019714, -0.0029531, 0.01238, 0.10406, 0.08206, 0.020748, 0.062095, -0.35924, 0.38117, 0.26528, -0.0048973, 0.0040325, -0.32659, 0.16529, -0.17385, -0.16615, -0.32466, -0.23566, -0.012414, 0.35878, -0.042515, -0.11289, 0.33358, -0.12661, -0.098568],
    [1.1885e-05, 0.0067892, 0.0041826, -0.032103, -0.083861, 0.048178, 0.171, -0.019558, -0.1368, -0.14473, 0.2037, -0.10528, -0.088346, 0.18891, 0.45968, 0.15989, -0.21464, 0.41995, 0.20326, -0.10952, -0.32442, -0.046352, -0.019268, 0.19863, -0.14559, 0.13663, 0.083603, -0.28179, 0.19137, -0.038614],
    [-3.7837e-06, -0.0024393, -0.0014501, 0.01556, 0.036548, -0.021975, -0.10139, 0.041614, 0.18172, 0.21429, -0.12187, 0.15338, -0.041952, 0.23678, -0.31595, -0.15811, -0.030883, 0.14124, 0.20562, -0.35123, 0.10512, 0.28023, -0.10934, 0.21046, -0.1247, 0.47145, 0.016905, 0.12924, 0.22244, -0.22201],
    [-7.57e-07, -0.00098929, -0.00050238, 0.011809, 0.023319, -0.01513, -0.08626, 0.051221, 0.19799, 0.24042, -0.12262, 0.21959, 0.034342, 0.27337, -0.069922, -0.12141, -0.24375, -0.0075301, 0.11586, -0.12613, -0.28458, 0.14374, 0.55581, -0.029681, 0.089994, -0.33743, 0.073679, -0.21704, -0.12517, 0.20691],
    [1.609e-05, 0.0076491, 0.0049995, -0.022555, -0.068753, 0.036035, 0.10563, 0.009316, -0.035616, 0.022375, 0.068017, 0.077097, 0.75666, -0.10166, -0.027166, 0.12553, -0.31465, -0.26151, 0.17449, -0.26671, -0.16164, -0.11294, -0.22249, -0.014985, -0.013105, -0.014906, -0.023936, 0.10447, -0.028226, -0.013179],
    [-9.8173e-05, -0.044557, -0.02952, 0.12144, 0.36553, -0.18687, -0.53758, -0.037656, 0.26387, -0.019208, -0.39683, -0.31418, 0.13441, -0.016835, 0.16334, 0.33126, 0.0028407, 0.1151, 0.020456, -0.0050144, -0.083056, -0.085409, -0.10262, -0.0003524, 0.018173, 0.0098558, 0.010722, -0.058335, 0.011199, 0.0043913],
    [1.706e-05, 0.006265, 0.0046195, -0.0086655, -0.05362, 0.025627, 0.036514, 0.066349, -0.015603, -0.19629, 0.24552, -0.37858, -0.15199, 0.078613, -0.21399, 0.56344, -0.040378, -0.23438, 0.095672, -0.22729, 0.11292, 0.23842, 0.34376, 0.041882, -0.062905, -0.036544, -0.031082, 0.20291, -0.027841, -0.023917],
    [-0.00025656, -0.045249, -0.048064, -0.00071618, 0.18045, -0.041332, 0.16922, -0.22914, -0.36237, -0.03948, -0.26414, 0.48943, 0.078163, 0.37176, -0.082119, 0.48426, 0.12796, 0.05288, -0.096994, 0.1227, 0.087605, 0.010638, -0.012335, -0.021974, 0.010633, 0.013513, -0.0010689, -0.010838, -0.0025632, 0.0022559],
