{
  "max_evals": 500000,
  "acceptance_threshold": 1.0000e-08,
  "dimension": 30,
  "o": 1,
  "min_coordinate": -100,
  "max_coordinate": 100,
  "min_rand_optima_pos": -80,
  "max_rand_optima_pos": 80,
  "min_exclusive_range": -60,
  "max_exclusive_range": 60,
  "component_positioning_method": 2,
  "component_minimum_position": [
    68.152, -58.681, 70.356, -72.944, -14.548,
    54.881, 36.197, 35.348, -35.625, -12.606,
    14.328, -17.738, 0.95604, 6.4559, 51.883,
    35.996, 25.678, -74.259, -55.138, 61.844,
    42.521, -51.138, -69.575, -53.963, 53.985,
    75.697, 40.817, 45.537, -75.298, 59.942
  ],
  "min_sigma": -1200,
  "max_sigma": 0,
  "component_sigma": -382.62,
  "h_pattern": 3,
  "lb_h": 1,
  "ub_h": 10,
  "component_h": [
    4.1414, 5.4962, 9.5505, 1.4868, 2.7253,
    2.3514, 5.8442, 3.1206, 1.6906, 5.635,
    8.5263, 7.1375, 1.3305, 1.4074, 5.8428,
    2.2728, 7.3651, 3.227, 4.9596, 6.5826,
    9.7546, 2.7731, 9.2066, 4.157, 2.4573,
    4.7878, 8.5733, 1.3941, 2.2327, 6.3095
  ],
  "max_mu": 0,
  "min_mu": 0,
  "max_omega": 0,
  "min_omega": 0,
  "local_modality_symmetry": 1,
  "mu": [
    0, 0
  ],
  "omega": [
    0, 0, 0, 0
  ],
  "max_lambda": 1,
  "min_lambda": 1,
  "lambda_config_method": 1,
  "lambda_value_4_all": 1,
  "lambda": 1,
  "min_angle": -3.1416,
  "max_angle": 3.1416,
  "rotation": 1,
  "rotation_matrix": [
    [1.7523e-11, -1.2102e-06, 6.8193e-06, 3.3282e-06, 1.8388e-05, 0.00032459, 0.0030723, 0.016604, -0.0098019, -0.069444, 0.041589, -0.082573, 0.047787, -0.052596, -0.025324, 0.019486, -0.0074793, -0.040284, 0.11267, -0.24872, 0.096433, -0.075361, 0.24972, 0.36224, 0.0066086, 0.34068, -0.017457, 0.75727, -0.0082331, -0.073765],
    [-4.5433e-12, 3.1377e-07, -1.7681e-06, -8.7644e-07, -4.7512e-06, -8.1823e-05, -0.00076022, -0.0054975, 0.0031098, 0.023947, -0.015095, 0.027484, -0.017025, 0.026263, 0.021429, -0.15114, -0.11448, -0.029598, -0.17535, 0.17423, -0.1615, -0.14691, 0.12988, 0.42533, -0.15787, -0.56587, 0.19516, 0.074619, -0.3593, -0.36839],
    [1.0357e-11, -7.1526e-07, 4.0304e-06, 1.9534e-06, 1.0884e-05, 0.00019599, 0.0018747, 0.0084428, -0.0051769, -0.034791, 0.020183, -0.042803, 0.023564, -0.01961, -0.00040082, -0.10521, -0.093013, -0.14278, 0.22987, -0.11306, 0.07038, -0.17779, 0.11798, -0.068398, -0.30858, -0.31006, -0.28258, -0.0081123, 0.68816, -0.29964],
    [2.2497e-11, -1.5537e-06, 8.7546e-06, 4.2023e-06, 2.3692e-05, 0.00042727, 0.0041136, 0.015226, -0.0093599, -0.055354, 0.033799, -0.07572, 0.021126, -0.015737, 0.067689, -0.19183, -0.017453, -0.35401, 0.35797, -0.10828, 0.046837, -0.058323, -0.35753, -0.36304, 0.05507, -0.37331, 0.2166, 0.35656, -0.18548, 0.25707],
    [-3.5801e-11, 2.4725e-06, -1.3932e-05, -6.7346e-06, -3.7647e-05, -0.00067204, -0.0064223, -0.028399, 0.017019, 0.11029, -0.067065, 0.14059, -0.059283, 0.063479, -0.039891, 0.05665, -0.067962, 0.10188, -0.44735, -0.23062, -0.20242, 0.17566, -0.54935, 0.1869, 0.17836, -0.20461, -0.25225, 0.26043, 0.2506, 0.072854],
    [-1.1226e-11, 7.7439e-07, -4.3623e-06, -2.0272e-06, -1.1886e-05, -0.00020117, -0.0019313, -0.0060783, 0.0038358, 0.019801, -0.0069465, 0.024224, -0.01788, -0.0079756, -0.019248, 0.093802, 0.057489, 0.15346, -0.014301, 0.15977, -0.004668, 0.24357, -0.029829, -0.52378, 0.061047, 0.023703, -0.28882, 0.27035, -0.24212, -0.61869],
    [4.4055e-12, -2.9897e-07, 1.6778e-06, 4.8853e-07, 4.9226e-06, -1.9992e-05, -0.00035993, 0.0032915, -0.00096369, -0.007051, 0.007789, -0.0062378, -0.01158, 0.0082081, 0.057054, 0.10735, 0.22584, 0.14835, -0.24897, 0.25744, -0.058498, 0.032588, -0.025203, -0.18845, -0.14205, 0.038866, 0.69951, 0.23614, 0.41224, -0.079039],
    [-1.0709e-11, 7.1527e-07, -4.0114e-06, -1.9231e-06, -1.085e-05, -0.00015259, -0.0013423, -0.013171, 0.0069548, 0.052758, -0.044493, 0.069031, 0.0046121, 0.03128, -0.082497, 0.39626, 0.14935, 0.1958, 0.19503, -0.57469, 0.35664, -0.0090426, -0.13261, 0.085583, 0.087003, -0.15925, 0.29232, -0.19631, -0.075971, -0.28564],
    [1.2883e-11, -9.2116e-07, 5.1659e-06, 3.5284e-06, 1.2695e-05, 0.00054843, 0.0057174, 0.011799, -0.0081378, -0.039167, 0.052673, -0.10084, -0.076008, -0.070297, 0.18112, -0.061927, 0.50111, -0.43755, -0.055191, 0.16706, 0.086126, -0.1762, -0.11352, 0.18512, 0.52736, 0.061061, -0.054252, -0.10318, 0.11225, -0.26602],
    [2.4102e-11, -1.9479e-06, 1.1556e-05, 4.9319e-06, 3.2281e-05, 0.00046299, 0.0044506, 0.0030068, -0.0033416, 0.0090508, -0.043573, 0.022788, 0.066627, 0.10864, -0.0039127, -0.16762, -0.32406, 0.071363, 0.4975, 0.26155, -0.085391, 0.29803, -0.38845, 0.30791, 0.092972, 0.24185, 0.17807, -0.082134, 0.1207, -0.25516],
    [-1.8387e-11, 8.2524e-06, -5.9494e-05, -2.2688e-05, -0.00017402, -0.0015344, -0.013616, 0.0011135, 0.0019906, -0.083547, 0.075479, -0.027685, 0.10075, -0.083413, 0.023104, -0.21307, -0.40314, -0.21441, -0.26025, -0.4128, -0.32366, -0.24945, -0.012088, -0.22729, 0.12919, 0.29028, 0.23164, -0.15761, -0.017965, -0.27952],
    [-1.1678e-10, 4.8976e-06, -4.2456e-05, -1.7966e-05, -0.00012453, -0.0015207, -0.014566, 0.0090654, 0.00010216, -0.081628, 0.041456, 0.021435, 0.15243, 0.10082, 0.23071, 0.19996, 0.13069, 0.099549, 0.021041, 0.11206, -0.044607, -0.56498, -0.4636, 0.037247, -0.42958, 0.23172, -0.14703, 0.0065209, -0.15543, -0.052027],
    [2.4664e-09, -1.543e-05, 7.8154e-05, -1.8656e-05, 0.00027553, -0.010098, -0.11647, -0.073599, 0.089025, -0.0060021, 0.30075, 0.37756, -0.26775, -0.41098, -0.017291, 0.34447, -0.066917, -0.45427, 0.0031714, 0.036316, -0.048661, 0.24385, -0.061958, 0.075222, -0.29346, 0.081184, 0.025532, -0.028842, -0.043313, -0.028682],
    [3.7051e-07, -2.0071e-05, 0.0001287, 4.6308e-05, 0.00032363, 0.0067376, 0.067735, 0.078828, -0.062014, -0.080175, -0.061052, -0.35029, -0.029875, 0.068571, -0.10044, -0.3673, 0.34413, -0.16565, -0.16496, -0.23693, 0.067353, 0.40298, -0.15398, 0.077171, -0.47501, 0.13706, 0.0021938, -0.11251, -0.10812, -0.085304],
    [-2.5848e-05, 0.00014733, 0.00038397, 0.0013615, 0.0036826, 0.010351, 0.029909, -0.10193, 0.04061, 0.51462, -0.3416, 0.24523, -0.47862, 0.15383, -0.15186, -0.2485, -0.065314, -0.11319, -0.04285, 0.036315, 0.28151, -0.23633, -0.035006, -0.067896, -0.083359, 0.18008, 0.048118, 0.050206, -0.02184, -0.043116],
    [-0.00035638, 0.0039651, -0.014165, 0.011937, -0.008791, -0.0062859, -0.097148, 0.093439, 0.093483, -0.24248, 0.2569, 0.34525, 0.34943, 0.3189, -0.552, -0.12029, -0.0071237, -0.1441, -0.16784, 0.1325, 0.3335, -0.056506, -0.051251, -0.01482, 0.031545, 0.01764, 0.0088597, 0.01264, 0.0040237, -0.016886],
    [-0.00034067, 0.0028185, -0.0033884, 0.014953, 0.022795, 0.04774, -0.1034, 0.068525, 0.087651, -0.23944, 0.41363, -0.32892, -0.55253, -0.20702, -0.25468, -0.13424, -0.10059, 0.33317, -0.01288, 0.058107, 0.13409, -0.18376, -0.15362, 0.010962, 0.074294, -0.022027, -0.0057447, -0.0082621, 0.0037085, -0.00133],
    [0.0014079, -0.012591, 0.023103, -0.05874, -0.066283, -0.15509, 0.34692, 0.28959, -0.46447, -0.19485, -0.27847, -0.032985, -0.18388, 0.0014166, -0.4533, 0.27327, 0.014781, -0.13597, 0.082353, 0.064653, -0.27173, -0.11273, -0.020248, -0.0049427, 0.014673, 0.0025734, 0.0017519, 0.0023516, 0.0015067, -0.00389],
    [-9.4491e-05, 0.0016258, -0.00017809, 0.0051494, 0.010094, 0.025042, 0.034563, -0.15373, 0.0085013, 0.13904, -0.29302, -0.23156, 0.38167, -0.66721, -0.25506, 0.0029186, -0.12201, 0.005372, -0.12661, 0.15868, 0.2739, -0.072349, -0.15028, 0.023367, -0.0015419, -0.0089123, 0.00067215, -0.0021857, -0.00079198, -0.0045703],
    [0.002052, -0.032997, 0.044329, -0.090705, -0.087775, -0.22057, 0.32338, 0.1913, -0.444, 0.050703, 0.25793, 0.012753, 0.0080478, 0.0083334, 0.3898, -0.019994, -0.29497, -0.012214, -0.21422, 0.059617, 0.47654, 0.085277, -0.035838, 0.003955, 0.0010293, -0.0051105, 0.0011789, 0.0018891, 0.002041, -0.0041925],
