{
  "max_evals": 500000,
  "acceptance_threshold": 1.0000e-08,
  "dimension": 30,
  "o": 1,
  "min_coordinate": -100,
  "max_coordinate": 100,
  "min_rand_optima_pos": -80,
  "max_rand_optima_pos": 80,
  "min_exclusive_range": -60,
  "max_exclusive_range": 60,
  "component_positioning_method": 2,
  "component_minimum_position": [
    31.67, -55.011, 23.481, 78.516, -40.914,
    29.082, -59.318, 79.709, -12.823, -23.891,
    -46.945, 56.025, 17.985, 12.054, -40.312,
    -58.639, -69.605, 17.16, 36.735, -12.016,
    -64.16, -65.716, 4.7231, -26.245, 25.823,
    72.623, -72.162, -60.6, 17.317, -32.609
  ],
  "min_sigma": -1200,
  "max_sigma": 0,
  "component_sigma": -337.51,
  "h_pattern": 5,
  "lb_h": 0.1000,
  "ub_h": 1000000,
  "h_values": [
    0.1, 34483, 68966, 1.0345e+05, 1.3793e+05,
    1.7241e+05, 2.069e+05, 2.4138e+05, 2.7586e+05, 3.1034e+05,
    3.4483e+05, 3.7931e+05, 4.1379e+05, 4.4828e+05, 4.8276e+05,
    5.1724e+05, 5.5172e+05, 5.8621e+05, 6.2069e+05, 6.5517e+05,
    6.8966e+05, 7.2414e+05, 7.5862e+05, 7.931e+05, 8.2759e+05,
    8.6207e+05, 8.9655e+05, 9.3103e+05, 9.6552e+05, 1e+06
  ],
  "component_h": [
    2.7586e+05, 5.8621e+05, 6.5517e+05, 4.1379e+05, 4.4828e+05,
    6.8966e+05, 2.069e+05, 4.8276e+05, 3.7931e+05, 8.2759e+05,
    68966, 5.5172e+05, 3.4483e+05, 5.1724e+05, 0.1,
    1e+06, 2.4138e+05, 6.2069e+05, 1.3793e+05, 8.6207e+05,
    7.931e+05, 7.5862e+05, 1.7241e+05, 1.0345e+05, 9.6552e+05,
    9.3103e+05, 8.9655e+05, 7.2414e+05, 3.1034e+05, 34483
  ],
  "max_mu": 0,
  "min_mu": 0,
  "max_omega": 0,
  "min_omega": 0,
  "local_modality_symmetry": 1,
  "mu": [
    0, 0
  ],
  "omega": [
    0, 0, 0, 0
  ],
  "max_lambda": 1,
  "min_lambda": 1,
  "lambda_config_method": 1,
  "lambda_value_4_all": 0.050000,
  "lambda": 0.050000,
  "min_angle": -3.1416,
  "max_angle": 3.1416,
  "rotation": 6,
  "rotation_matrix": [
    [0.030212, 0.20135, -0.97241, -0.043672, -0.017716, -0.10363, 0.0013777, 0.0017079, 0.00058363, -0.0006306, 0.0003599, -0.00014682, -5.7251e-05, -3.169e-05, -0.00014283, 2.1171e-05, 1.7814e-06, 5.1333e-06, -9.2727e-08, -1.6079e-07, -6.3001e-08, -1.8936e-07, -6.3453e-09, 2.2029e-09, -1.4725e-09, -5.4171e-09, 1.8554e-10, 1.7025e-10, -6.9984e-12, 2.4674e-11],
    [0.99954, -0.0060859, 0.029392, 0.00132, 0.00053548, 0.0031323, -4.1644e-05, -5.1623e-05, -1.7641e-05, 1.9061e-05, -1.0878e-05, 4.4377e-06, 1.7305e-06, 9.5786e-07, 4.3171e-06, -6.3991e-07, -5.3845e-08, -1.5516e-07, 2.8028e-09, 4.8602e-09, 1.9043e-09, 5.7236e-09, 1.9179e-10, -6.6586e-11, 4.4508e-11, 1.6374e-10, -5.6082e-12, -5.1461e-12, 2.1153e-13, -7.4581e-13],
    [0, -0.9795, -0.20007, -0.0089854, -0.0036449, -0.021321, 0.00028347, 0.00035139, 0.00012008, -0.00012974, 7.4049e-05, -3.0207e-05, -1.1779e-05, -6.5201e-06, -2.9386e-05, 4.3558e-06, 3.6652e-07, 1.0562e-06, -1.9078e-08, -3.3083e-08, -1.2962e-08, -3.896e-08, -1.3055e-09, 4.5324e-10, -3.0296e-10, -1.1146e-09, 3.8175e-11, 3.5029e-11, -1.4399e-12, 5.0766e-12],
    [0, 0, 0.1163, -0.38093, -0.15453, -0.90391, 0.012017, 0.014897, 0.0050908, -0.0055005, 0.0031393, -0.0012806, -0.00049938, -0.00027642, -0.0012458, 0.00018466, 1.5538e-05, 4.4776e-05, -8.0882e-07, -1.4025e-06, -5.4953e-07, -1.6517e-06, -5.5347e-08, 1.9215e-08, -1.2844e-08, -4.7251e-08, 1.6184e-09, 1.485e-09, -6.1044e-11, 2.1522e-10],
    [0, 0, 0, 0.92353, -0.064612, -0.37795, 0.0050248, 0.0062289, 0.0021286, -0.0022999, 0.0013126, -0.00053547, -0.0002088, -0.00011558, -0.00052092, 7.7213e-05, 6.497e-06, 1.8722e-05, -3.3819e-07, -5.8644e-07, -2.2978e-07, -6.9063e-07, -2.3142e-08, 8.0344e-09, -5.3704e-09, -1.9757e-08, 6.767e-10, 6.2094e-10, -2.5524e-11, 8.9991e-11],
    [0, 0, 0, 0, -0.98571, 0.16842, -0.0022391, -0.0027757, -0.00094853, 0.0010249, -0.00058492, 0.00023861, 9.3046e-05, 5.1503e-05, 0.00023213, -3.4407e-05, -2.8952e-06, -8.3428e-06, 1.507e-07, 2.6132e-07, 1.0239e-07, 3.0775e-07, 1.0312e-08, -3.5802e-09, 2.3931e-09, 8.804e-09, -3.0155e-10, -2.767e-10, 1.1374e-11, -4.0101e-11],
    [0, 0, 0, 0, 0, 0.023092, 0.57543, 0.71331, 0.24376, -0.26338, 0.15032, -0.06132, -0.023912, -0.013236, -0.059653, 0.0088421, 0.00074402, 0.002144, -3.8729e-05, -6.7157e-05, -2.6313e-05, -7.9088e-05, -2.6502e-06, 9.2007e-07, -6.15e-07, -2.2625e-06, 7.7493e-08, 7.1107e-08, -2.9229e-09, 1.0305e-08],
    [0, 0, 0, 0, 0, 0, 0.81774, -0.50221, -0.17162, 0.18543, -0.10583, 0.043172, 0.016835, 0.0093185, 0.041999, -0.0062253, -0.00052383, -0.0015095, 2.7267e-05, 4.7282e-05, 1.8526e-05, 5.5682e-05, 1.8659e-06, -6.4778e-07, 4.3299e-07, 1.5929e-06, -5.4559e-08, -5.0063e-08, 2.0579e-09, -7.2556e-09],
    [0, 0, 0, 0, 0, 0, 0, -0.48856, 0.5325, -0.57536, 0.32837, -0.13395, -0.052235, -0.028913, -0.13031, 0.019316, 0.0016253, 0.0046836, -8.4603e-05, -0.00014671, -5.7482e-05, -0.00017277, -5.7894e-06, 2.0099e-06, -1.3435e-06, -4.9425e-06, 1.6929e-07, 1.5534e-07, -6.3852e-09, 2.2512e-08],
    [0, 0, 0, 0, 0, 0, 0, 0, -0.79217, -0.50802, 0.28994, -0.11828, -0.046122, -0.025529, -0.11506, 0.017055, 0.0014351, 0.0041354, -7.4701e-05, -0.00012953, -5.0754e-05, -0.00015255, -5.1118e-06, 1.7747e-06, -1.1862e-06, -4.364e-06, 1.4947e-07, 1.3715e-07, -5.6379e-09, 1.9878e-08],
    [0, 0, 0, 0, 0, 0, 0, 0, 0, 0.55416, 0.71361, -0.29111, -0.11352, -0.062835, -0.2832, 0.041977, 0.0035322, 0.010178, -0.00018386, -0.00031882, -0.00012492, -0.00037546, -1.2581e-05, 4.368e-06, -2.9197e-06, -1.0741e-05, 3.6789e-07, 3.3758e-07, -1.3876e-08, 4.8924e-08],
    [0, 0, 0, 0, 0, 0, 0, 0, 0, 0, -0.51484, -0.58234, -0.22708, -0.1257, -0.56651, 0.083971, 0.0070658, 0.020361, -0.0003678, -0.00063777, -0.00024989, -0.00075108, -2.5168e-05, 8.7377e-06, -5.8405e-06, -2.1487e-05, 7.3594e-07, 6.7529e-07, -2.7758e-08, 9.7869e-08],
    [0, 0, 0, 0, 0, 0, 0, 0, 0, 0, 0, -0.73388, 0.24518, 0.13571, 0.61166, -0.090664, -0.0076289, -0.021984, 0.00039711, 0.0006886, 0.00026981, 0.00081094, 2.7174e-05, -9.4341e-06, 6.306e-06, 2.3199e-05, -7.9459e-07, -7.2911e-07, 2.9971e-08, -1.0567e-07],
    [0, 0, 0, 0, 0, 0, 0, 0, 0, 0, 0, 0, 0.93259, -0.077324, -0.3485, 0.051657, 0.0043466, 0.012525, -0.00022626, -0.00039234, -0.00015372, -0.00046204, -1.5483e-05, 5.3752e-06, -3.5929e-06, -1.3218e-05, 4.5273e-07, 4.1542e-07, -1.7076e-08, 6.0206e-08],
    [0, 0, 0, 0, 0, 0, 0, 0, 0, 0, 0, 0, 0, 0.97678, -0.21176, 0.031389, 0.0026412, 0.0076109, -0.00013748, -0.0002384, -9.3409e-05, -0.00028076, -9.4079e-06, 3.2662e-06, -2.1832e-06, -8.0318e-06, 2.7509e-07, 2.5242e-07, -1.0376e-08, 3.6583e-08],
    [0, 0, 0, 0, 0, 0, 0, 0, 0, 0, 0, 0, 0, 0, 0.15128, 0.95738, 0.080559, 0.23214, -0.0041934, -0.0072714, -0.0028491, -0.0085633, -0.00028695, 9.9621e-05, -6.6589e-05, -0.00024498, 8.3906e-06, 7.6992e-06, -3.1648e-07, 1.1158e-06],
    [0, 0, 0, 0, 0, 0, 0, 0, 0, 0, 0, 0, 0, 0, 0, -0.2489, 0.31713, 0.91385, -0.016508, -0.028625, -0.011216, -0.033711, -0.0011296, 0.00039217, -0.00026214, -0.00096438, 3.3031e-05, 3.0309e-05, -1.2459e-06, 4.3926e-06],
    [0, 0, 0, 0, 0, 0, 0, 0, 0, 0, 0, 0, 0, 0, 0, 0, 0.94487, -0.32697, 0.0059064, 0.010242, 0.004013, 0.012062, 0.00040417, -0.00014032, 9.3792e-05, 0.00034505, -1.1818e-05, -1.0844e-05, 4.4577e-07, -1.5717e-06],
    [0, 0, 0, 0, 0, 0, 0, 0, 0, 0, 0, 0, 0, 0, 0, 0, 0, -0.053045, -0.33958, -0.58884, -0.23072, -0.69346, -0.023237, 0.0080673, -0.0053924, -0.019838, 0.00067947, 0.00062348, -2.5629e-05, 9.036e-05],
    [0, 0, 0, 0, 0, 0, 0, 0, 0, 0, 0, 0, 0, 0, 0, 0, 0, 0, -0.94041, 0.21323, 0.083547, 0.25111, 0.0084145, -0.0029213, 0.0019527, 0.0071837, -0.00024605, -0.00022577, 9.2806e-06, -3.2721e-05],
    [0, 0, 0, 0, 0, 0, 0, 0, 0, 0, 0, 0, 0, 0, 0, 0, 0, 0, 0, -0.77899, 0.19776, 0.5944, 0.019918, -0.006915, 0.0046221, 0.017004, -0.00058242, -0.00053442, 2.1968e-05, -7.7452e-05],
    [0, 0, 0, 0, 0, 0, 0, 0, 0, 0, 0, 0, 0, 0, 0, 0, 0, 0, 0, 0, -0.94896, 0.31505, 0.010557, -0.0036652, 0.0024499, 0.0090129, -0.0003087, -0.00028326, 1.1644e-05, -4.1052e-05],
