{
  "max_evals": 500000,
  "acceptance_threshold": 1.0000e-08,
  "dimension": 30,
  "o": 1,
  "min_coordinate": -100,
  "max_coordinate": 100,
  "min_rand_optima_pos": -80,
  "max_rand_optima_pos": 80,
  "min_exclusive_range": -60,
  "max_exclusive_range": 60,
  "component_positioning_method": 2,
  "component_minimum_position": [
    -55.831, -10.17, 62.538, -54.437, -61.015,
    51.553, -70.708, -42.841, 15.193, 33.833,
    -10.727, -3.2127, -66.091, 17.606, -35.149,
    67.027, -41.885, 40.105, 32.823, -60.355,
    -46.604, -48.453, 45.493, 8.1842, 1.2776,
    38.812, 60.398, -68.793, -19.788, -25.316
  ],
  "min_sigma": -1200,
  "max_sigma": 0,
  "component_sigma": -186.86,
  "h_pattern": 5,
  "lb_h": 0.1000,
  "ub_h": 1000000,
  "h_values": [
    0.1, 34483, 68966, 1.0345e+05, 1.3793e+05,
    1.7241e+05, 2.069e+05, 2.4138e+05, 2.7586e+05, 3.1034e+05,
    3.4483e+05, 3.7931e+05, 4.1379e+05, 4.4828e+05, 4.8276e+05,
    5.1724e+05, 5.5172e+05, 5.8621e+05, 6.2069e+05, 6.5517e+05,
    6.8966e+05, 7.2414e+05, 7.5862e+05, 7.931e+05, 8.2759e+05,
    8.6207e+05, 8.9655e+05, 9.3103e+05, 9.6552e+05, 1e+06
  ],
  "component_h": [
    1.7241e+05, 6.2069e+05, 68966, 3.7931e+05, 8.9655e+05,
    9.6552e+05, 3.4483e+05, 2.4138e+05, 5.1724e+05, 2.7586e+05,
    1e+06, 7.2414e+05, 9.3103e+05, 7.931e+05, 34483,
    6.8966e+05, 7.5862e+05, 1.3793e+05, 5.8621e+05, 4.1379e+05,
    8.6207e+05, 2.069e+05, 8.2759e+05, 4.4828e+05, 0.1,
    3.1034e+05, 5.5172e+05, 1.0345e+05, 6.5517e+05, 4.8276e+05
  ],
  "max_mu": 0,
  "min_mu": 0,
  "max_omega": 0,
  "min_omega": 0,
  "local_modality_symmetry": 1,
  "mu": [
    0, 0
  ],
  "omega": [
    0, 0, 0, 0
  ],
  "max_lambda": 1,
  "min_lambda": 1,
  "lambda_config_method": 1,
  "lambda_value_4_all": 0.050000,
  "lambda": 0.050000,
  "min_angle": -3.1416,
  "max_angle": 3.1416,
  "rotation": 6,
  "rotation_matrix": [
    [-3.3433e-15, -8.789e-10, 5.6513e-07, -1.5281e-05, 3.6973e-05, 0.00012592, 4.5646e-05, -9.6288e-06, -0.00050705, 0.007003, -0.0021441, -0.0046975, 0.053093, 0.020383, -0.051522, 0.08308, 0.069322, 0.14994, -0.40711, -0.092932, -0.19645, 0.11387, 0.14015, 0.020258, -0.56057, -0.26511, -0.43492, -0.05516, -0.36075, 0.083694],
    [1.8747e-13, -3.4339e-09, 2.208e-06, -7.5225e-05, 0.00034753, 0.0011299, -6.7959e-05, 0.0002888, 0.0043163, 0.015204, 0.0027055, -0.01427, -0.032319, -0.01518, -0.026945, 0.12828, 0.016144, -0.086256, -0.49615, 0.088896, -0.23595, -0.10803, 0.14732, 0.045822, 0.40852, -0.45318, 0.33407, -0.27903, 0.081581, 0.24452],
    [3.037e-13, 2.0679e-08, -1.3297e-05, 0.00039412, -0.0013206, -0.0043738, -0.00041644, -0.00055984, -0.015023, -0.032931, -0.020047, 0.027996, 0.087799, 0.043896, 0.076464, -0.069944, 0.03925, -0.022869, -0.018842, 0.19847, -0.0086551, -0.16885, -0.6693, 0.14962, 0.22195, -0.06568, -0.023163, 0.077679, -0.60979, 0.066049],
    [-5.8339e-13, -3.7867e-09, 2.4347e-06, -6.9488e-05, 0.00020611, 0.00067772, 1.9819e-05, 0.00011683, 0.0023941, 0.0052565, 0.0027412, -0.0047974, -0.0020692, -0.0017053, 0.02338, 0.038599, 0.052126, -0.16819, -0.28946, 0.17479, -0.24928, -0.46441, -0.13038, 0.22924, 0.037976, 0.24523, -0.41312, -0.059177, 0.3594, -0.37451],
    [1.2114e-11, 3.0905e-08, -1.9869e-05, 0.00046314, -0.00031183, -0.0010831, -0.00046494, 0.00028536, 0.0016603, 0.004143, 0.0017985, -0.0062042, -0.0079447, -0.0055945, -0.051335, 0.021101, -0.026813, 0.16416, 0.081414, -0.054365, 0.076777, 0.28553, 0.026026, -0.14323, 0.42605, 0.18627, -0.44963, -0.64734, -0.11499, -0.015372],
    [-4.6726e-11, -1.1533e-07, 7.4149e-05, -0.0016975, 0.00075716, 0.0027413, 0.0019883, -0.001552, -0.012754, -0.033467, -0.011046, 0.042171, 0.13023, 0.063611, 0.080708, -0.1921, 0.026599, 0.12039, 0.06032, 0.058039, -0.16117, -0.41058, 0.49926, -0.42925, 0.27062, 0.045737, -0.08889, 0.24927, -0.34804, -0.12493],
    [2.0006e-10, 6.2317e-07, -0.00040065, 0.0097691, -0.011975, -0.040649, -0.011206, 0.0028486, -0.043863, -0.099006, -0.076107, 0.023872, 0.0015848, 0.010497, -0.022176, 0.20863, -0.19571, 0.27193, -0.022394, 0.67057, 0.22761, -0.14142, -0.11023, -0.39055, -0.20022, -0.018032, -0.045073, -0.072751, 0.18846, 0.2315],
    [-1.9207e-10, -5.2147e-07, 0.00033526, -0.0080447, 0.0082891, 0.028124, 0.0073878, -0.0022248, 0.018108, 0.039078, 0.017767, 0.002276, 0.12397, 0.076335, 0.03764, -0.29563, 0.16205, -0.051837, -0.088966, -0.046348, -0.16583, -0.11729, 0.027093, 0.059196, -0.09229, 0.51643, 0.021061, -0.078938, 0.056197, 0.71922],
    [-1.512e-10, -4.7357e-07, 0.00030447, -0.007354, 0.0081786, 0.027829, 0.0080825, -0.0025367, 0.021912, 0.044418, 0.037894, 0.0051909, 0.010372, 0.012022, 0.031115, -0.22354, -0.019894, 0.042118, 0.10193, 0.081157, -0.29726, -0.10837, -0.06462, -0.13092, -0.36812, 0.11475, 0.4657, -0.5469, -0.14949, -0.34111],
    [4.3478e-11, 1.586e-07, -0.00010197, 0.0024329, -0.0023477, -0.0080948, -0.0031472, 0.0014682, -0.0016729, 0.017871, -0.018039, -0.034408, -0.1441, -0.05975, -0.0674, 0.35988, -0.099739, -0.024982, -0.43389, 0.12818, 0.049648, 0.26468, 0.12837, 0.012329, 0.062011, 0.57614, 0.25294, 0.16282, -0.28521, -0.1663],
    [1.3922e-10, 7.8283e-07, -0.00050333, 0.01209, -0.012658, -0.0429, -0.01044, 0.0027411, -0.035526, -0.056159, -0.027859, 0.0044046, -0.19441, -0.13802, 0.063533, 0.53978, -0.11211, -0.1815, 0.29341, -0.21571, 0.14078, -0.48405, 0.15933, 0.1697, -0.1173, 0.041322, 0.0013026, -0.22968, -0.22337, 0.189],
    [-4.5005e-11, 8.9447e-08, -5.7526e-05, 0.0012833, -0.00013073, -0.00041962, 0.00040092, 0.00010621, 0.013571, -0.033785, 0.074882, 0.030812, -0.35123, -0.20625, -0.016117, -0.010566, -0.50147, -0.14983, 0.21419, 0.086519, -0.62138, 0.187, -0.071171, -0.091851, 0.040437, -0.011472, -0.1366, 0.15063, -0.0023109, 0.14437],
    [2.7261e-10, 1.4178e-06, -0.00091156, 0.021948, -0.023569, -0.080796, -0.028522, 0.011339, -0.023535, -0.25052, -0.0094847, 0.031164, 0.013018, -0.040694, -0.30979, -0.40805, -0.24962, -0.48219, -0.032217, 0.29761, 0.30698, 0.031063, 0.2745, 0.24596, -0.059069, -0.054763, -0.064018, -0.10619, -0.15891, -0.014772],
    [5.9505e-09, 2.2233e-06, -0.0014281, 0.033946, -0.029158, -0.09646, -0.0039009, -0.0063222, -0.052547, -0.29518, 0.2334, 0.31793, -0.34026, -0.3754, 0.52927, -0.25851, 0.0019144, 0.20101, -0.21581, -0.083811, 0.20394, -0.031367, 0.0010414, 0.037742, -0.011836, 0.0075959, 0.0053773, -0.027133, 0.020811, -0.011384],
    [3.0507e-08, 1.1258e-05, -0.0072313, 0.17073, -0.13212, -0.45168, -0.093356, 0.036171, 0.19023, 0.0062565, 0.46488, -0.2159, -0.1974, -0.17914, -0.29728, 0.029882, 0.42396, -0.14542, 0.032353, 0.038714, -0.0090115, -0.02714, -0.089167, -0.25677, -0.01238, -0.008877, -0.01938, 0.025872, -0.019579, 0.01532],
    [5.7311e-09, 4.273e-07, -0.00027339, 0.0047493, 0.018536, 0.067569, 0.044697, -0.017036, 0.24481, 0.64635, 0.36839, -0.22158, -0.16759, 0.10625, 0.088691, -0.15315, -0.31285, 0.1972, -0.041066, 0.090347, 0.20314, -0.12454, 0.091668, 0.20429, 0.0096395, -0.035332, -0.033419, 0.00356, -0.055978, 0.021077],
    [-1.4094e-07, -1.213e-06, 0.0007435, -0.030024, 0.0035251, 0.043129, -0.069472, 0.066799, 0.33356, 0.023444, 0.016477, -0.10085, 0.20479, 0.097128, 0.40817, 0.048268, -0.20908, -0.53037, -0.18063, -0.18213, 0.14593, 0.046845, -0.14317, -0.44688, -0.06631, -0.015511, -0.058521, -0.046309, 0.025891, -0.0025317],
    [-5.3346e-07, 7.5098e-06, -0.0049682, 0.075505, -0.17004, -0.35166, -0.10424, 0.02652, 0.13974, -0.00041931, -0.61379, -0.23091, -0.4601, 0.25491, 0.0043709, -0.19991, -0.05947, 0.11232, -0.097402, -0.1536, 0.046925, -0.087241, -0.057111, -0.038855, -0.00038663, 0.0027784, 0.005451, -0.00093932, 0.0054367, -0.0012851],
    [1.8936e-06, -5.0248e-06, 0.0037072, -0.024946, 0.14026, 0.25206, 0.1616, -0.11397, -0.46298, 0.17964, 0.068314, 0.080857, -0.49068, 0.3559, 0.084017, -0.02379, 0.28298, -0.31506, 0.0032947, 0.09994, 0.067226, 0.051682, -0.0044261, -0.19685, -0.037653, -0.042598, -0.06328, -0.018263, -0.035168, 0.007842],
